Date,Account_Count
2019-01-01,9995588
2019-01-02,10007850
2019-01-03,9995944
2019-01-04,10004895
2019-01-05,10011816
2019-01-06,10009572
2019-01-07,9997243
2019-01-08,10003416
2019-01-09,10003984
2019-01-10,9996259
2019-01-11,10004181
2019-01-12,9997982
2019-01-13,9996951
2019-01-14,9998579
2019-01-15,9999717
2019-01-16,10007192
2019-01-17,10005311
2019-01-18,10016949
2019-01-19,9999768
2019-01-20,10004990
2019-01-21,10015534
2019-01-22,10007145
2019-01-23,10006232
2019-01-24,10012985
2019-01-25,10007797
2019-01-26,10022219
2019-01-27,10015342
2019-01-28,10011538
2019-01-29,10020002
2019-01-30,10017587
2019-01-31,10009873
2019-02-01,10006981
2019-02-02,10016093
2019-02-03,10026335
2019-02-04,10021422
2019-02-05,10023938
2019-02-06,10015643
2019-02-07,10028346
2019-02-08,10024708
2019-02-09,10020771
2019-02-10,10027216
2019-02-11,10023100
2019-02-12,10021998
2019-02-13,10025795
2019-02-14,10022682
2019-02-15,10028880
2019-02-16,10021519
2019-02-17,10033194
2019-02-18,10017300
2019-02-19,10021222
2019-02-20,10022218
2019-02-21,10018554
2019-02-22,10029575
2019-02-23,10024470
2019-02-24,10019143
2019-02-25,10027003
2019-02-26,10033149
2019-02-27,10037422
2019-02-28,10031175
2019-03-01,10027856
2019-03-02,10035070
2019-03-03,10021322
2019-03-04,10038327
2019-03-05,10035789
2019-03-06,10028150
2019-03-07,10026925
2019-03-08,10039032
2019-03-09,10025698
2019-03-10,10027452
2019-03-11,10033606
2019-03-12,10038859
2019-03-13,10043192
2019-03-14,10034705
2019-03-15,10036612
2019-03-16,10046978
2019-03-17,10032341
2019-03-18,10043358
2019-03-19,10029909
2019-03-20,10033566
2019-03-21,10040882
2019-03-22,10047939
2019-03-23,10045096
2019-03-24,10031804
2019-03-25,10044721
2019-03-26,10033279
2019-03-27,10045692
2019-03-28,10040083
2019-03-29,10044593
2019-03-30,10051771
2019-03-31,10047380
2019-04-01,10050517
2019-04-02,10054563
2019-04-03,10038106
2019-04-04,10052586
2019-04-05,10041831
2019-04-06,10056652
2019-04-07,10041186
2019-04-08,10041073
2019-04-09,10051808
2019-04-10,10042099
2019-04-11,10044033
2019-04-12,10048928
2019-04-13,10042304
2019-04-14,10059185
2019-04-15,10060925
2019-04-16,10060935
2019-04-17,10051633
2019-04-18,10054872
2019-04-19,10052996
2019-04-20,10060958
2019-04-21,10050475
2019-04-22,10052684
2019-04-23,10058875
2019-04-24,10048122
2019-04-25,10062988
2019-04-26,10055541
2019-04-27,10064725
2019-04-28,10066958
2019-04-29,10056992
2019-04-30,10065146
2019-05-01,10067029
2019-05-02,10054763
2019-05-03,10065060
2019-05-04,10066656
2019-05-05,10060646
2019-05-06,10064164
2019-05-07,10055969
2019-05-08,10056528
2019-05-09,10073065
2019-05-10,10058129
2019-05-11,10058067
2019-05-12,10061441
2019-05-13,10073770
2019-05-14,10075750
2019-05-15,10068555
2019-05-16,10070581
2019-05-17,10064819
2019-05-18,10069546
2019-05-19,10076717
2019-05-20,10062211
2019-05-21,10064853
2019-05-22,10068215
2019-05-23,10069942
2019-05-24,10077007
2019-05-25,10077826
2019-05-26,10064262
2019-05-27,10078850
2019-05-28,10075612
2019-05-29,10076652
2019-05-30,10070622
2019-05-31,10065481
2019-06-01,10080036
2019-06-02,10066153
2019-06-03,10074117
2019-06-04,10068524
2019-06-05,10069620
2019-06-06,10083048
2019-06-07,10070843
2019-06-08,10074136
2019-06-09,10070740
2019-06-10,10070060
2019-06-11,10079630
2019-06-12,10089023
2019-06-13,10083812
2019-06-14,10085350
2019-06-15,10084918
2019-06-16,10074252
2019-06-17,10081863
2019-06-18,10083650
2019-06-19,10094433
2019-06-20,10093706
2019-06-21,10091814
2019-06-22,10080090
2019-06-23,10083460
2019-06-24,10080004
2019-06-25,10094213
2019-06-26,10081640
2019-06-27,10079841
2019-06-28,10090855
2019-06-29,10079838
2019-06-30,10085895
2019-07-01,10092754
2019-07-02,10100092
2019-07-03,10092844
2019-07-04,10083750
2019-07-05,10084921
2019-07-06,10090119
2019-07-07,10088819
2019-07-08,10099896
2019-07-09,10096418
2019-07-10,10098849
2019-07-11,10090373
2019-07-12,10090806
2019-07-13,10095092
2019-07-14,10099182
2019-07-15,10107041
2019-07-16,10104774
2019-07-17,10100545
2019-07-18,10093430
2019-07-19,10098320
2019-07-20,10094232
2019-07-21,10101622
2019-07-22,10106023
2019-07-23,10099507
2019-07-24,10109905
2019-07-25,10101518
2019-07-26,10094500
2019-07-27,10100237
2019-07-28,10097294
2019-07-29,10113303
2019-07-30,10114426
2019-07-31,10099997
2019-08-01,10113850
2019-08-02,10116445
2019-08-03,10097614
2019-08-04,10106874
2019-08-05,10117607
2019-08-06,10101167
2019-08-07,10112409
2019-08-08,10116014
2019-08-09,10102983
2019-08-10,10113151
2019-08-11,10109230
2019-08-12,10108140
2019-08-13,10113779
2019-08-14,10117817
2019-08-15,10120304
2019-08-16,10111064
2019-08-17,10119520
2019-08-18,10118237
2019-08-19,10114323
2019-08-20,10120729
2019-08-21,10117713
2019-08-22,10115002
2019-08-23,10126625
2019-08-24,10108045
2019-08-25,10112346
2019-08-26,10118496
2019-08-27,10124775
2019-08-28,10123419
2019-08-29,10113810
2019-08-30,10117706
2019-08-31,10120005
2019-09-01,10127871
2019-09-02,10124316
2019-09-03,10130916
2019-09-04,10121436
2019-09-05,10126484
2019-09-06,10114271
2019-09-07,10134395
2019-09-08,10133155
2019-09-09,10126116
2019-09-10,10120361
2019-09-11,10123569
2019-09-12,10134304
2019-09-13,10120930
2019-09-14,10130676
2019-09-15,10129316
2019-09-16,10121050
2019-09-17,10131192
2019-09-18,10121165
2019-09-19,10122533
2019-09-20,10121145
2019-09-21,10135769
2019-09-22,10129832
2019-09-23,10136786
2019-09-24,10125632
2019-09-25,10127994
2019-09-26,10139152
2019-09-27,10133655
2019-09-28,10135426
2019-09-29,10135733
2019-09-30,10127828
2019-10-01,10138760
2019-10-02,10136130
2019-10-03,10132305
2019-10-04,10128806
2019-10-05,10136702
2019-10-06,10130868
2019-10-07,10144061
2019-10-08,10145512
2019-10-09,10145399
2019-10-10,10147220
2019-10-11,10147434
2019-10-12,10137429
2019-10-13,10141576
2019-10-14,10136564
2019-10-15,10134889
2019-10-16,10145593
2019-10-17,10141774
2019-10-18,10152208
2019-10-19,10154149
2019-10-20,10153320
2019-10-21,10147245
2019-10-22,10151199
2019-10-23,10153376
2019-10-24,10156180
2019-10-25,10146745
2019-10-26,10146214
2019-10-27,10140226
2019-10-28,10159120
2019-10-29,10154332
2019-10-30,10152362
2019-10-31,10159797
2019-11-01,10152106
2019-11-02,10150157
2019-11-03,10161850
2019-11-04,10158051
2019-11-05,10151906
2019-11-06,10151787
2019-11-07,10145892
2019-11-08,10155722
2019-11-09,10150675
2019-11-10,10148433
2019-11-11,10164764
2019-11-12,10159373
2019-11-13,10165674
2019-11-14,10166524
2019-11-15,10162239
2019-11-16,10160374
2019-11-17,10167602
2019-11-18,10155516
2019-11-19,10164774
2019-11-20,10161252
2019-11-21,10169338
2019-11-22,10168085
2019-11-23,10160291
2019-11-24,10154474
2019-11-25,10158133
2019-11-26,10169163
2019-11-27,10158972
2019-11-28,10160795
2019-11-29,10169913
2019-11-30,10165605
2019-12-01,10165228
2019-12-02,10167403
2019-12-03,10161020
2019-12-04,10167487
2019-12-05,10171880
2019-12-06,10164733
2019-12-07,10169516
2019-12-08,10175059
2019-12-09,10177701
2019-12-10,10163896
2019-12-11,10180546
2019-12-12,10181629
2019-12-13,10164591
2019-12-14,10174803
2019-12-15,10170183
2019-12-16,10165812
2019-12-17,10172314
2019-12-18,10184267
2019-12-19,10185623
2019-12-20,10168639
2019-12-21,10181688
2019-12-22,10185588
2019-12-23,10174924
2019-12-24,10168862
2019-12-25,10187988
2019-12-26,10182981
2019-12-27,10173738
2019-12-28,10172969
2019-12-29,10187106
2019-12-30,10188440
2019-12-31,10181017
2020-01-01,10175308
2020-01-02,10189370
2020-01-03,10188370
2020-01-04,10186713
2020-01-05,10182061
2020-01-06,10177719
2020-01-07,10187200
2020-01-08,10179741
2020-01-09,10186266
2020-01-10,10180998
2020-01-11,10196287
2020-01-12,10194077
2020-01-13,10178794
2020-01-14,10189177
2020-01-15,10189382
2020-01-16,10181136
2020-01-17,10182564
2020-01-18,10188009
2020-01-19,10194487
2020-01-20,10186543
2020-01-21,10183507
2020-01-22,10188445
2020-01-23,10194206
2020-01-24,10198749
2020-01-25,10196218
2020-01-26,10194439
2020-01-27,10198781
2020-01-28,10187435
2020-01-29,10187071
2020-01-30,10189382
2020-01-31,10192584
2020-02-01,10204661
2020-02-02,10202007
2020-02-03,10196059
2020-02-04,10207771
2020-02-05,10202771
2020-02-06,10208149
2020-02-07,10198491
2020-02-08,10206027
2020-02-09,10209424
2020-02-10,10207359
2020-02-11,10201073
2020-02-12,10202577
2020-02-13,10213136
2020-02-14,10205883
2020-02-15,10211378
2020-02-16,10197853
2020-02-17,10200799
2020-02-18,10213570
2020-02-19,10208939
2020-02-20,10199928
2020-02-21,10209296
2020-02-22,10206313
2020-02-23,10213414
2020-02-24,10211301
2020-02-25,10211745
2020-02-26,10213525
2020-02-27,10204356
2020-02-28,10215788
2020-02-29,10208540
2020-03-01,10218922
2020-03-02,10206342
2020-03-03,10212578
2020-03-04,10206844
2020-03-05,10214896
2020-03-06,10222482
2020-03-07,10223707
2020-03-08,10219998
2020-03-09,10219761
2020-03-10,10226539
2020-03-11,10210593
2020-03-12,10219722
2020-03-13,10227780
2020-03-14,10220645
2020-03-15,10224583
2020-03-16,10210988
2020-03-17,10216946
2020-03-18,10227335
2020-03-19,10227633
2020-03-20,10213682
2020-03-21,10218126
2020-03-22,10220424
2020-03-23,10226357
2020-03-24,10226155
2020-03-25,10231817
2020-03-26,10234982
2020-03-27,10226925
2020-03-28,10217980
2020-03-29,10232022
2020-03-30,10236440
2020-03-31,10226484
2020-04-01,10235175
2020-04-02,10234383
2020-04-03,10224390
2020-04-04,10238139
2020-04-05,10239994
2020-04-06,10222107
2020-04-07,10227573
2020-04-08,10238868
2020-04-09,10227776
2020-04-10,10226176
2020-04-11,10226380
2020-04-12,10232211
2020-04-13,10232782
2020-04-14,10241934
2020-04-15,10238997
2020-04-16,10231842
2020-04-17,10243343
2020-04-18,10232559
2020-04-19,10235884
2020-04-20,10233155
2020-04-21,10240091
2020-04-22,10247830
2020-04-23,10244251
2020-04-24,10230026
2020-04-25,10233224
2020-04-26,10245569
2020-04-27,10242536
2020-04-28,10245047
2020-04-29,10250259
2020-04-30,10234263
2020-05-01,10241712
2020-05-02,10239297
2020-05-03,10243208
2020-05-04,10239609
2020-05-05,10251500
2020-05-06,10237933
2020-05-07,10252967
2020-05-08,10240667
2020-05-09,10254773
2020-05-10,10245857
2020-05-11,10244154
2020-05-12,10247420
2020-05-13,10257427
2020-05-14,10259380
2020-05-15,10257162
2020-05-16,10240713
2020-05-17,10244762
2020-05-18,10254899
2020-05-19,10251768
2020-05-20,10253140
2020-05-21,10249731
2020-05-22,10263001
2020-05-23,10249791
2020-05-24,10260322
2020-05-25,10253783
2020-05-26,10259121
2020-05-27,10262019
2020-05-28,10249220
2020-05-29,10255905
2020-05-30,10256627
2020-05-31,10264385
2020-06-01,10254868
2020-06-02,10263056
2020-06-03,10261736
2020-06-04,10268333
2020-06-05,10264951
2020-06-06,10268301
2020-06-07,10271058
2020-06-08,10262433
2020-06-09,10268025
2020-06-10,10253089
2020-06-11,10271593
2020-06-12,10264361
2020-06-13,10270869
2020-06-14,10258041
2020-06-15,10255605
2020-06-16,10265078
2020-06-17,10274779
2020-06-18,10263090
2020-06-19,10263582
2020-06-20,10275018
2020-06-21,10260425
2020-06-22,10277440
2020-06-23,10266417
2020-06-24,10279528
2020-06-25,10261052
2020-06-26,10264911
2020-06-27,10264889
2020-06-28,10275629
2020-06-29,10264930
2020-06-30,10263458
2020-07-01,10276895
2020-07-02,10264207
2020-07-03,10265399
2020-07-04,10276653
2020-07-05,10281905
2020-07-06,10274601
2020-07-07,10267394
2020-07-08,10267514
2020-07-09,10271609
2020-07-10,10281258
2020-07-11,10283813
2020-07-12,10284349
2020-07-13,10276679
2020-07-14,10280326
2020-07-15,10282287
2020-07-16,10272560
2020-07-17,10285112
2020-07-18,10289650
2020-07-19,10292311
2020-07-20,10277780
2020-07-21,10291811
2020-07-22,10285894
2020-07-23,10276856
2020-07-24,10279790
2020-07-25,10292190
2020-07-26,10286181
2020-07-27,10283557
2020-07-28,10293082
2020-07-29,10278161
2020-07-30,10282644
2020-07-31,10294211
2020-08-01,10281920
2020-08-02,10295502
2020-08-03,10294025
2020-08-04,10289446
2020-08-05,10293732
2020-08-06,10287736
2020-08-07,10298309
2020-08-08,10296018
2020-08-09,10283352
2020-08-10,10290505
2020-08-11,10298036
2020-08-12,10301042
2020-08-13,10285956
2020-08-14,10287571
2020-08-15,10294595
2020-08-16,10301640
2020-08-17,10299803
2020-08-18,10290953
2020-08-19,10294675
2020-08-20,10289455
2020-08-21,10295295
2020-08-22,10305421
2020-08-23,10308096
2020-08-24,10305782
2020-08-25,10295703
2020-08-26,10298063
2020-08-27,10304003
2020-08-28,10303317
2020-08-29,10304171
2020-08-30,10306082
2020-08-31,10306201
2020-09-01,10312278
2020-09-02,10307473
2020-09-03,10304961
2020-09-04,10311596
2020-09-05,10297029
2020-09-06,10316342
2020-09-07,10317475
2020-09-08,10310765
2020-09-09,10312410
2020-09-10,10310561
2020-09-11,10308631
2020-09-12,10300525
2020-09-13,10316885
2020-09-14,10301374
2020-09-15,10313697
2020-09-16,10306648
2020-09-17,10304865
2020-09-18,10320909
2020-09-19,10305146
2020-09-20,10304013
2020-09-21,10309099
2020-09-22,10307278
2020-09-23,10319796
2020-09-24,10309155
2020-09-25,10314821
2020-09-26,10310814
2020-09-27,10320625
2020-09-28,10311216
2020-09-29,10310613
2020-09-30,10319238
2020-10-01,10323260
2020-10-02,10322588
2020-10-03,10313874
2020-10-04,10317430
2020-10-05,10331350
2020-10-06,10331465
2020-10-07,10324470
2020-10-08,10313629
2020-10-09,10330153
2020-10-10,10324831
2020-10-11,10320224
2020-10-12,10326083
2020-10-13,10328649
2020-10-14,10335816
2020-10-15,10325972
2020-10-16,10323276
2020-10-17,10333135
2020-10-18,10323895
2020-10-19,10332494
2020-10-20,10329552
2020-10-21,10336459
2020-10-22,10326099
2020-10-23,10329999
2020-10-24,10340576
2020-10-25,10324678
2020-10-26,10341118
2020-10-27,10328616
2020-10-28,10338563
2020-10-29,10327068
2020-10-30,10333847
2020-10-31,10338635
2020-11-01,10343587
2020-11-02,10343274
2020-11-03,10327742
2020-11-04,10344809
2020-11-05,10327619
2020-11-06,10345158
2020-11-07,10345340
2020-11-08,10330439
2020-11-09,10345001
2020-11-10,10330468
2020-11-11,10344846
2020-11-12,10330781
2020-11-13,10346360
2020-11-14,10337762
2020-11-15,10333058
2020-11-16,10343224
2020-11-17,10338178
2020-11-18,10340480
2020-11-19,10343200
2020-11-20,10335729
2020-11-21,10343467
2020-11-22,10354624
2020-11-23,10338289
2020-11-24,10337739
2020-11-25,10342370
2020-11-26,10353670
2020-11-27,10338125
2020-11-28,10351004
2020-11-29,10354398
2020-11-30,10346138
2020-12-01,10346570
2020-12-02,10343749
2020-12-03,10350110
2020-12-04,10349095
2020-12-05,10355605
2020-12-06,10354615
2020-12-07,10349294
2020-12-08,10349257
2020-12-09,10356595
2020-12-10,10346469
2020-12-11,10355985
2020-12-12,10362775
2020-12-13,10350470
2020-12-14,10356725
2020-12-15,10356556
2020-12-16,10356706
2020-12-17,10357991
2020-12-18,10356019
2020-12-19,10362669
2020-12-20,10354112
2020-12-21,10362373
2020-12-22,10368082
2020-12-23,10366552
2020-12-24,10366146
2020-12-25,10357238
2020-12-26,10368077
2020-12-27,10368504
2020-12-28,10357219
2020-12-29,10354302
2020-12-30,10366644
2020-12-31,10372370
2021-01-01,10365555
2021-01-02,10360440
2021-01-03,10359572
2021-01-04,10370598
2021-01-05,10371787
2021-01-06,10371965
2021-01-07,10378008
2021-01-08,10368519
2021-01-09,10372880
2021-01-10,10371865
2021-01-11,10368625
2021-01-12,10364291
2021-01-13,10365533
2021-01-14,10367105
2021-01-15,10379587
2021-01-16,10371133
2021-01-17,10380458
2021-01-18,10369704
2021-01-19,10372348
2021-01-20,10377975
2021-01-21,10372424
2021-01-22,10385614
2021-01-23,10366988
2021-01-24,10374114
2021-01-25,10383240
2021-01-26,10371173
2021-01-27,10370167
2021-01-28,10373114
2021-01-29,10373053
2021-01-30,10377761
2021-01-31,10371500
2021-02-01,10386638
2021-02-02,10389272
2021-02-03,10377450
2021-02-04,10376212
2021-02-05,10374367
2021-02-06,10381689
2021-02-07,10383013
2021-02-08,10391338
2021-02-09,10394156
2021-02-10,10379226
2021-02-11,10380806
2021-02-12,10378690
2021-02-13,10386108
2021-02-14,10389678
2021-02-15,10380875
2021-02-16,10384092
2021-02-17,10396824
2021-02-18,10392092
2021-02-19,10388927
2021-02-20,10394937
2021-02-21,10392530
2021-02-22,10388510
2021-02-23,10393207
2021-02-24,10385489
2021-02-25,10395040
2021-02-26,10392718
2021-02-27,10390471
2021-02-28,10387363
2021-03-01,10395693
2021-03-02,10386677
2021-03-03,10390760
2021-03-04,10386511
2021-03-05,10403353
2021-03-06,10399056
2021-03-07,10399563
2021-03-08,10402551
2021-03-09,10400022
2021-03-10,10397734
2021-03-11,10406173
2021-03-12,10403678
2021-03-13,10397570
2021-03-14,10391906
2021-03-15,10401206
2021-03-16,10396931
2021-03-17,10399542
2021-03-18,10402406
2021-03-19,10398146
2021-03-20,10406546
2021-03-21,10407611
2021-03-22,10408576
2021-03-23,10412524
2021-03-24,10401382
2021-03-25,10411113
2021-03-26,10411145
2021-03-27,10404012
2021-03-28,10415847
2021-03-29,10406151
2021-03-30,10403110
2021-03-31,10409884
2021-04-01,10407394
2021-04-02,10414467
2021-04-03,10417989
2021-04-04,10411873
2021-04-05,10414789
2021-04-06,10415208
2021-04-07,10414328
2021-04-08,10406137
2021-04-09,10424414
2021-04-10,10406286
2021-04-11,10421210
2021-04-12,10417371
2021-04-13,10422445
2021-04-14,10414052
2021-04-15,10411154
2021-04-16,10426743
2021-04-17,10424100
2021-04-18,10417636
2021-04-19,10415941
2021-04-20,10419667
2021-04-21,10422649
2021-04-22,10412798
2021-04-23,10421100
2021-04-24,10417495
2021-04-25,10422400
2021-04-26,10426673
2021-04-27,10424630
2021-04-28,10429222
2021-04-29,10415800
2021-04-30,10424435
2021-05-01,10434981
2021-05-02,10420616
2021-05-03,10432893
2021-05-04,10427617
2021-05-05,10423252
2021-05-06,10427852
2021-05-07,10424795
2021-05-08,10436456
2021-05-09,10422725
2021-05-10,10421316
2021-05-11,10432837
2021-05-12,10427807
2021-05-13,10425183
2021-05-14,10429227
2021-05-15,10425773
2021-05-16,10423145
2021-05-17,10428510
2021-05-18,10440035
2021-05-19,10427540
2021-05-20,10434654
2021-05-21,10442366
2021-05-22,10445563
2021-05-23,10444133
2021-05-24,10444014
2021-05-25,10442496
2021-05-26,10444336
2021-05-27,10437353
2021-05-28,10440695
2021-05-29,10432352
2021-05-30,10446014
2021-05-31,10431487
2021-06-01,10438622
2021-06-02,10440660
2021-06-03,10449484
2021-06-04,10439152
2021-06-05,10440421
2021-06-06,10434269
2021-06-07,10451727
2021-06-08,10448614
2021-06-09,10439358
2021-06-10,10447043
2021-06-11,10454733
2021-06-12,10442199
2021-06-13,10454625
2021-06-14,10438625
2021-06-15,10448793
2021-06-16,10445264
2021-06-17,10451323
2021-06-18,10452531
2021-06-19,10454052
2021-06-20,10453140
2021-06-21,10448843
2021-06-22,10455710
2021-06-23,10458456
2021-06-24,10452606
2021-06-25,10448189
2021-06-26,10445972
2021-06-27,10461091
2021-06-28,10462688
2021-06-29,10451704
2021-06-30,10449213
2021-07-01,10451051
2021-07-02,10457256
2021-07-03,10449475
2021-07-04,10451110
2021-07-05,10452255
2021-07-06,10462984
2021-07-07,10450735
2021-07-08,10457758
2021-07-09,10457979
2021-07-10,10452928
2021-07-11,10463345
2021-07-12,10458926
2021-07-13,10460533
2021-07-14,10457749
2021-07-15,10472201
2021-07-16,10463186
2021-07-17,10468109
2021-07-18,10455161
2021-07-19,10467075
2021-07-20,10470288
2021-07-21,10466060
2021-07-22,10472336
2021-07-23,10467526
2021-07-24,10460874
2021-07-25,10458207
2021-07-26,10461165
2021-07-27,10477877
2021-07-28,10460132
2021-07-29,10463083
2021-07-30,10474211
2021-07-31,10471123
2021-08-01,10468623
2021-08-02,10472754
2021-08-03,10464179
2021-08-04,10478901
2021-08-05,10463736
2021-08-06,10471446
2021-08-07,10468943
2021-08-08,10480463
2021-08-09,10474055
2021-08-10,10484752
2021-08-11,10483169
2021-08-12,10467148
2021-08-13,10480895
2021-08-14,10472895
2021-08-15,10485896
2021-08-16,10480023
2021-08-17,10480199
2021-08-18,10479715
2021-08-19,10489669
2021-08-20,10487163
2021-08-21,10477282
2021-08-22,10490792
2021-08-23,10489224
2021-08-24,10475817
2021-08-25,10488596
2021-08-26,10492880
2021-08-27,10479799
2021-08-28,10484917
2021-08-29,10493573
2021-08-30,10479267
2021-08-31,10480906
2021-09-01,10494826
2021-09-02,10487882
2021-09-03,10482437
2021-09-04,10483935
2021-09-05,10483107
2021-09-06,10480060
2021-09-07,10492329
2021-09-08,10482326
2021-09-09,10492421
2021-09-10,10493765
2021-09-11,10489629
2021-09-12,10490825
2021-09-13,10502522
2021-09-14,10491193
2021-09-15,10492264
2021-09-16,10497186
2021-09-17,10498716
2021-09-18,10492221
2021-09-19,10505362
2021-09-20,10493873
2021-09-21,10492907
2021-09-22,10503627
2021-09-23,10493656
2021-09-24,10497484
2021-09-25,10497286
2021-09-26,10495401
2021-09-27,10494917
2021-09-28,10498929
2021-09-29,10505716
2021-09-30,10507295
2021-10-01,10503138
2021-10-02,10495030
2021-10-03,10511344
2021-10-04,10510932
2021-10-05,10499772
2021-10-06,10509976
2021-10-07,10513913
2021-10-08,10511251
2021-10-09,10498964
2021-10-10,10503637
2021-10-11,10514347
2021-10-12,10514420
2021-10-13,10511891
2021-10-14,10505840
2021-10-15,10506967
2021-10-16,10511915
2021-10-17,10511871
2021-10-18,10512416
2021-10-19,10509734
2021-10-20,10502345
2021-10-21,10521420
2021-10-22,10504994
2021-10-23,10515677
2021-10-24,10522603
2021-10-25,10522268
2021-10-26,10516830
2021-10-27,10510179
2021-10-28,10512110
2021-10-29,10512430
2021-10-30,10513654
2021-10-31,10520828
2021-11-01,10517645
2021-11-02,10514488
2021-11-03,10512350
2021-11-04,10526073
2021-11-05,10523064
2021-11-06,10515078
2021-11-07,10522668
2021-11-08,10516448
2021-11-09,10529063
2021-11-10,10521074
2021-11-11,10518906
2021-11-12,10521800
2021-11-13,10527583
2021-11-14,10515638
2021-11-15,10524840
2021-11-16,10516382
2021-11-17,10516903
2021-11-18,10525011
2021-11-19,10519792
2021-11-20,10526011
2021-11-21,10517919
2021-11-22,10530411
2021-11-23,10523017
2021-11-24,10538686
2021-11-25,10534922
2021-11-26,10529700
2021-11-27,10526193
2021-11-28,10521767
2021-11-29,10539928
2021-11-30,10536818
2021-12-01,10524049
2021-12-02,10532956
2021-12-03,10529640
2021-12-04,10534837
2021-12-05,10528216
2021-12-06,10529481
2021-12-07,10532048
2021-12-08,10544677
2021-12-09,10531337
2021-12-10,10534758
2021-12-11,10538400
2021-12-12,10535993
2021-12-13,10534042
2021-12-14,10543828
2021-12-15,10545552
2021-12-16,10532385
2021-12-17,10544808
2021-12-18,10531671
2021-12-19,10531663
2021-12-20,10540656
2021-12-21,10543734
2021-12-22,10537795
2021-12-23,10544134
2021-12-24,10538798
2021-12-25,10553239
2021-12-26,10545749
2021-12-27,10541327
2021-12-28,10540719
2021-12-29,10537093
2021-12-30,10544394
2021-12-31,10551556
2022-01-01,10557877
2022-01-02,10549136
2022-01-03,10558056
2022-01-04,10539516
2022-01-05,10543191
2022-01-06,10540892
2022-01-07,10547272
2022-01-08,10558455
2022-01-09,10545631
2022-01-10,10548672
2022-01-11,10552312
2022-01-12,10562163
2022-01-13,10552906
2022-01-14,10561659
2022-01-15,10563631
2022-01-16,10561962
2022-01-17,10554080
2022-01-18,10553599
2022-01-19,10561916
2022-01-20,10554583
2022-01-21,10557223
2022-01-22,10553440
2022-01-23,10568655
2022-01-24,10552956
2022-01-25,10557788
2022-01-26,10553211
2022-01-27,10562280
2022-01-28,10569552
2022-01-29,10568531
2022-01-30,10564589
2022-01-31,10563142
2022-02-01,10570249
2022-02-02,10569587
2022-02-03,10564366
2022-02-04,10559531
2022-02-05,10568186
2022-02-06,10561330
2022-02-07,10562010
2022-02-08,10565964
2022-02-09,10563993
2022-02-10,10568759
2022-02-11,10563939
2022-02-12,10573473
2022-02-13,10569265
2022-02-14,10573279
2022-02-15,10567011
2022-02-16,10572483
2022-02-17,10579130
2022-02-18,10564376
2022-02-19,10581893
2022-02-20,10574824
2022-02-21,10581711
2022-02-22,10570979
2022-02-23,10574332
2022-02-24,10577504
2022-02-25,10572410
2022-02-26,10580089
2022-02-27,10568696
2022-02-28,10572978
2022-03-01,10584653
2022-03-02,10568780
2022-03-03,10578408
2022-03-04,10575303
2022-03-05,10584186
2022-03-06,10573983
2022-03-07,10580003
2022-03-08,10587905
2022-03-09,10584570
2022-03-10,10584232
2022-03-11,10577083
2022-03-12,10578946
2022-03-13,10589877
2022-03-14,10581128
2022-03-15,10586389
2022-03-16,10587275
2022-03-17,10577961
2022-03-18,10590291
2022-03-19,10590536
2022-03-20,10588435
2022-03-21,10578185
2022-03-22,10596544
2022-03-23,10590758
2022-03-24,10594990
2022-03-25,10595922
2022-03-26,10590736
2022-03-27,10585375
2022-03-28,10598640
2022-03-29,10592682
2022-03-30,10584196
2022-03-31,10589665
2022-04-01,10598997
2022-04-02,10597715
2022-04-03,10584301
2022-04-04,10601530
2022-04-05,10599571
2022-04-06,10595451
2022-04-07,10596773
2022-04-08,10602640
2022-04-09,10606921
2022-04-10,10600557
2022-04-11,10600500
2022-04-12,10604421
2022-04-13,10600870
2022-04-14,10593582
2022-04-15,10603718
2022-04-16,10601017
2022-04-17,10594754
2022-04-18,10593224
2022-04-19,10593376
2022-04-20,10601206
2022-04-21,10601894
2022-04-22,10611537
2022-04-23,10612450
2022-04-24,10610906
2022-04-25,10613844
2022-04-26,10601426
2022-04-27,10602251
2022-04-28,10605996
2022-04-29,10600300
2022-04-30,10606053
2022-05-01,10601727
2022-05-02,10615398
2022-05-03,10615832
2022-05-04,10605519
2022-05-05,10615463
2022-05-06,10610547
2022-05-07,10612754
2022-05-08,10604020
2022-05-09,10605081
2022-05-10,10603928
2022-05-11,10606967
2022-05-12,10609945
2022-05-13,10618566
2022-05-14,10618542
2022-05-15,10616329
2022-05-16,10607659
2022-05-17,10611132
2022-05-18,10625431
2022-05-19,10626363
2022-05-20,10622433
2022-05-21,10618473
2022-05-22,10627533
2022-05-23,10619805
2022-05-24,10612583
2022-05-25,10627421
2022-05-26,10624444
2022-05-27,10630873
2022-05-28,10619104
2022-05-29,10627379
2022-05-30,10631518
2022-05-31,10616983
2022-06-01,10615278
2022-06-02,10619110
2022-06-03,10626587
2022-06-04,10632508
2022-06-05,10632581
2022-06-06,10618179
2022-06-07,10626096
2022-06-08,10622251
2022-06-09,10626735
2022-06-10,10636313
2022-06-11,10633371
2022-06-12,10620013
2022-06-13,10636110
2022-06-14,10621828
2022-06-15,10628409
2022-06-16,10626588
2022-06-17,10634609
2022-06-18,10624023
2022-06-19,10637037
2022-06-20,10628891
2022-06-21,10624580
2022-06-22,10629036
2022-06-23,10639879
2022-06-24,10635822
2022-06-25,10628063
2022-06-26,10629292
2022-06-27,10630086
2022-06-28,10643087
2022-06-29,10643600
2022-06-30,10634643
2022-07-01,10632459
2022-07-02,10640005
2022-07-03,10640275
2022-07-04,10630161
2022-07-05,10646529
2022-07-06,10647977
2022-07-07,10645726
2022-07-08,10643154
2022-07-09,10644580
2022-07-10,10636390
2022-07-11,10639497
2022-07-12,10646693
2022-07-13,10651547
2022-07-14,10644324
2022-07-15,10636041
2022-07-16,10641093
2022-07-17,10649928
2022-07-18,10648166
2022-07-19,10654751
2022-07-20,10654063
2022-07-21,10648758
2022-07-22,10655044
2022-07-23,10644969
2022-07-24,10646256
2022-07-25,10651220
2022-07-26,10642169
2022-07-27,10642330
2022-07-28,10643651
2022-07-29,10660020
2022-07-30,10662194
2022-07-31,10653018
2022-08-01,10657258
2022-08-02,10660684
2022-08-03,10646019
2022-08-04,10655528
2022-08-05,10658448
2022-08-06,10658985
2022-08-07,10648283
2022-08-08,10664543
2022-08-09,10666394
2022-08-10,10650233
2022-08-11,10667509
2022-08-12,10668055
2022-08-13,10666230
2022-08-14,10664972
2022-08-15,10663889
2022-08-16,10654971
2022-08-17,10661028
2022-08-18,10660829
2022-08-19,10655097
2022-08-20,10667582
2022-08-21,10667930
2022-08-22,10664577
2022-08-23,10661397
2022-08-24,10658257
2022-08-25,10674284
2022-08-26,10675494
2022-08-27,10674833
2022-08-28,10662517
2022-08-29,10674370
2022-08-30,10666499
2022-08-31,10669195
2022-09-01,10661596
2022-09-02,10675433
2022-09-03,10671095
2022-09-04,10676941
2022-09-05,10681215
2022-09-06,10677078
2022-09-07,10667605
2022-09-08,10682362
2022-09-09,10666339
2022-09-10,10667384
2022-09-11,10675351
2022-09-12,10675053
2022-09-13,10678993
2022-09-14,10683069
2022-09-15,10680639
2022-09-16,10674531
2022-09-17,10671783
2022-09-18,10675736
2022-09-19,10676210
2022-09-20,10670619
2022-09-21,10683475
2022-09-22,10682835
2022-09-23,10685761
2022-09-24,10672431
2022-09-25,10680567
2022-09-26,10676713
2022-09-27,10682057
2022-09-28,10682435
2022-09-29,10678498
2022-09-30,10674162
2022-10-01,10676474
2022-10-02,10694675
2022-10-03,10683961
2022-10-04,10693015
2022-10-05,10693789
2022-10-06,10679014
2022-10-07,10687333
2022-10-08,10685896
2022-10-09,10678704
2022-10-10,10695965
2022-10-11,10688532
2022-10-12,10685347
2022-10-13,10683143
2022-10-14,10689017
2022-10-15,10700181
2022-10-16,10699258
2022-10-17,10688060
2022-10-18,10698892
2022-10-19,10698031
2022-10-20,10701073
2022-10-21,10688500
2022-10-22,10699289
2022-10-23,10702555
2022-10-24,10693927
2022-10-25,10702062
2022-10-26,10688171
2022-10-27,10699418
2022-10-28,10697135
2022-10-29,10694842
2022-10-30,10706833
2022-10-31,10701429
2022-11-01,10692539
2022-11-02,10694459
2022-11-03,10704183
2022-11-04,10696932
2022-11-05,10710745
2022-11-06,10694253
2022-11-07,10711322
2022-11-08,10703623
2022-11-09,10710376
2022-11-10,10701088
2022-11-11,10701304
2022-11-12,10702845
2022-11-13,10711352
2022-11-14,10697097
2022-11-15,10716446
2022-11-16,10699836
2022-11-17,10707879
2022-11-18,10699072
2022-11-19,10706521
2022-11-20,10705671
2022-11-21,10718474
2022-11-22,10714492
2022-11-23,10712861
2022-11-24,10713964
2022-11-25,10703633
2022-11-26,10720401
2022-11-27,10715485
2022-11-28,10714349
2022-11-29,10707648
2022-11-30,10719677
2022-12-01,10718140
2022-12-02,10723421
2022-12-03,10720357
2022-12-04,10719868
2022-12-05,10710137
2022-12-06,10707597
2022-12-07,10719407
2022-12-08,10721222
2022-12-09,10721924
2022-12-10,10713250
2022-12-11,10718535
2022-12-12,10715166
2022-12-13,10727009
2022-12-14,10728494
2022-12-15,10713727
2022-12-16,10714354
2022-12-17,10723800
2022-12-18,10718555
2022-12-19,10724271
2022-12-20,10733208
2022-12-21,10727819
2022-12-22,10724869
2022-12-23,10725283
2022-12-24,10729671
2022-12-25,10722774
2022-12-26,10724019
2022-12-27,10728983
2022-12-28,10736633
2022-12-29,10733939
2022-12-30,10720281
2022-12-31,10736282
2023-01-01,10727323
2023-01-02,10739489
2023-01-03,10728693
2023-01-04,10724113
2023-01-05,10738780
2023-01-06,10736565
2023-01-07,10733683
2023-01-08,10741961
2023-01-09,10733703
2023-01-10,10743658
2023-01-11,10741295
2023-01-12,10744810
2023-01-13,10739989
2023-01-14,10732546
2023-01-15,10734352
2023-01-16,10730551
2023-01-17,10734911
2023-01-18,10745391
2023-01-19,10748439
2023-01-20,10730475
2023-01-21,10740903
2023-01-22,10738239
2023-01-23,10738210
2023-01-24,10740078
2023-01-25,10734785
2023-01-26,10738223
2023-01-27,10747021
2023-01-28,10748889
2023-01-29,10741471
2023-01-30,10754909
2023-01-31,10747031
2023-02-01,10750721
2023-02-02,10755706
2023-02-03,10741943
2023-02-04,10744030
2023-02-05,10749116
2023-02-06,10738758
2023-02-07,10739282
2023-02-08,10753437
2023-02-09,10741898
2023-02-10,10744635
2023-02-11,10747629
2023-02-12,10752668
2023-02-13,10761584
2023-02-14,10743112
2023-02-15,10757203
2023-02-16,10760571
2023-02-17,10746307
2023-02-18,10751633
2023-02-19,10756205
2023-02-20,10751406
2023-02-21,10748591
2023-02-22,10761649
2023-02-23,10759150
2023-02-24,10754683
2023-02-25,10758102
2023-02-26,10768488
2023-02-27,10766053
2023-02-28,10750783
2023-03-01,10750923
2023-03-02,10751625
2023-03-03,10752529
2023-03-04,10759938
2023-03-05,10768154
2023-03-06,10760504
2023-03-07,10762752
2023-03-08,10764092
2023-03-09,10757864
2023-03-10,10754726
2023-03-11,10770036
2023-03-12,10767239
2023-03-13,10772648
2023-03-14,10766087
2023-03-15,10768749
2023-03-16,10758145
2023-03-17,10774299
2023-03-18,10777874
2023-03-19,10772675
2023-03-20,10778388
2023-03-21,10770964
2023-03-22,10776587
2023-03-23,10774537
2023-03-24,10774769
2023-03-25,10771346
2023-03-26,10763087
2023-03-27,10775763
2023-03-28,10772677
2023-03-29,10768079
2023-03-30,10767848
2023-03-31,10783099
2023-04-01,10776285
2023-04-02,10778328
2023-04-03,10772950
2023-04-04,10780230
2023-04-05,10772933
2023-04-06,10769098
2023-04-07,10775596
2023-04-08,10787710
2023-04-09,10780939
2023-04-10,10779087
2023-04-11,10786521
2023-04-12,10777416
2023-04-13,10778480
2023-04-14,10790058
2023-04-15,10783601
2023-04-16,10780950
2023-04-17,10782622
2023-04-18,10786576
2023-04-19,10775589
2023-04-20,10779578
2023-04-21,10784627
2023-04-22,10786487
2023-04-23,10776655
2023-04-24,10778958
2023-04-25,10788193
2023-04-26,10784344
2023-04-27,10784279
2023-04-28,10782830
2023-04-29,10788546
2023-04-30,10789794
2023-05-01,10780941
2023-05-02,10795478
2023-05-03,10786128
2023-05-04,10788370
2023-05-05,10792028
2023-05-06,10800332
2023-05-07,10795065
2023-05-08,10792179
2023-05-09,10800513
2023-05-10,10801843
2023-05-11,10785892
2023-05-12,10798130
2023-05-13,10804671
2023-05-14,10797449
2023-05-15,10805022
2023-05-16,10795418
2023-05-17,10790954
2023-05-18,10806761
2023-05-19,10804723
2023-05-20,10796701
2023-05-21,10793097
2023-05-22,10791141
2023-05-23,10794159
2023-05-24,10801031
2023-05-25,10807537
2023-05-26,10806970
2023-05-27,10799161
2023-05-28,10800142
2023-05-29,10806609
2023-05-30,10803787
2023-05-31,10805596
2023-06-01,10804472
2023-06-02,10813307
2023-06-03,10801249
2023-06-04,10812449
2023-06-05,10799750
2023-06-06,10816851
2023-06-07,10803088
2023-06-08,10814782
2023-06-09,10819330
2023-06-10,10810141
2023-06-11,10806075
2023-06-12,10811912
2023-06-13,10817686
2023-06-14,10809730
2023-06-15,10818432
2023-06-16,10814502
2023-06-17,10817947
2023-06-18,10818186
2023-06-19,10822915
2023-06-20,10818574
2023-06-21,10825374
2023-06-22,10810993
2023-06-23,10824317
2023-06-24,10808960
2023-06-25,10822140
2023-06-26,10827607
2023-06-27,10819704
2023-06-28,10826169
2023-06-29,10826648
2023-06-30,10817316
2023-07-01,10822639
2023-07-02,10825924
2023-07-03,10825965
2023-07-04,10830646
2023-07-05,10824240
2023-07-06,10813540
2023-07-07,10819827
2023-07-08,10822759
2023-07-09,10832371
2023-07-10,10830349
2023-07-11,10832232
2023-07-12,10824304
2023-07-13,10836582
2023-07-14,10822874
2023-07-15,10820524
2023-07-16,10827777
2023-07-17,10837863
2023-07-18,10829385
2023-07-19,10820778
2023-07-20,10821992
2023-07-21,10838044
2023-07-22,10839232
2023-07-23,10835615
2023-07-24,10834632
2023-07-25,10833178
2023-07-26,10831351
2023-07-27,10840288
2023-07-28,10831656
2023-07-29,10827044
2023-07-30,10832868
2023-07-31,10845900
2023-08-01,10840135
2023-08-02,10836168
2023-08-03,10844611
2023-08-04,10839328
2023-08-05,10841819
2023-08-06,10829342
2023-08-07,10830947
2023-08-08,10836581
2023-08-09,10842351
2023-08-10,10837317
2023-08-11,10848410
2023-08-12,10842088
2023-08-13,10845446
2023-08-14,10849789
2023-08-15,10848067
2023-08-16,10848868
2023-08-17,10844265
2023-08-18,10847466
2023-08-19,10853730
2023-08-20,10853862
2023-08-21,10847087
2023-08-22,10837771
2023-08-23,10853800
2023-08-24,10846770
2023-08-25,10849593
2023-08-26,10852803
2023-08-27,10839693
2023-08-28,10842007
2023-08-29,10858069
2023-08-30,10859778
2023-08-31,10852690
2023-09-01,10851984
2023-09-02,10851802
2023-09-03,10850429
2023-09-04,10845761
2023-09-05,10850716
2023-09-06,10853421
2023-09-07,10849378
2023-09-08,10853315
2023-09-09,10859778
2023-09-10,10866335
2023-09-11,10859728
2023-09-12,10857832
2023-09-13,10857836
2023-09-14,10851300
2023-09-15,10857333
2023-09-16,10854910
2023-09-17,10867839
2023-09-18,10856308
2023-09-19,10857796
2023-09-20,10861788
2023-09-21,10869709
2023-09-22,10870043
2023-09-23,10857650
2023-09-24,10858487
2023-09-25,10869200
2023-09-26,10859197
2023-09-27,10871724
2023-09-28,10859328
2023-09-29,10874352
2023-09-30,10873587
2023-10-01,10869605
2023-10-02,10862982
2023-10-03,10876184
2023-10-04,10863963
2023-10-05,10872860
2023-10-06,10864412
2023-10-07,10864648
2023-10-08,10861355
2023-10-09,10863866
2023-10-10,10873334
2023-10-11,10878294
2023-10-12,10879066
2023-10-13,10866112
2023-10-14,10867992
2023-10-15,10879114
2023-10-16,10866017
2023-10-17,10881018
2023-10-18,10883240
2023-10-19,10877431
2023-10-20,10874710
2023-10-21,10878595
2023-10-22,10880371
2023-10-23,10880743
2023-10-24,10877824
2023-10-25,10880531
2023-10-26,10876088
2023-10-27,10873311
2023-10-28,10871487
2023-10-29,10874321
2023-10-30,10887312
2023-10-31,10876615
2023-11-01,10888012
2023-11-02,10886146
2023-11-03,10887154
2023-11-04,10877052
2023-11-05,10875226
2023-11-06,10878760
2023-11-07,10877375
2023-11-08,10889969
2023-11-09,10880533
2023-11-10,10882443
2023-11-11,10894873
2023-11-12,10881744
2023-11-13,10895477
2023-11-14,10880774
2023-11-15,10890151
2023-11-16,10880935
2023-11-17,10893895
2023-11-18,10884808
2023-11-19,10898215
2023-11-20,10893641
2023-11-21,10901586
2023-11-22,10897376
2023-11-23,10889389
2023-11-24,10889054
2023-11-25,10888368
2023-11-26,10901585
2023-11-27,10904381
2023-11-28,10887842
2023-11-29,10896558
2023-11-30,10896101
2023-12-01,10899997
2023-12-02,10892658
2023-12-03,10899881
2023-12-04,10896544
2023-12-05,10897218
2023-12-06,10903851
2023-12-07,10907654
2023-12-08,10910539
2023-12-09,10903277
2023-12-10,10893628
2023-12-11,10892886
2023-12-12,10899031
2023-12-13,10899939
2023-12-14,10907392
2023-12-15,10913350
2023-12-16,10897282
2023-12-17,10897356
2023-12-18,10911670
2023-12-19,10898498
2023-12-20,10902476
2023-12-21,10906928
2023-12-22,10902669
2023-12-23,10910836
2023-12-24,10908342
2023-12-25,10906564
2023-12-26,10907446
2023-12-27,10918315
2023-12-28,10906624
2023-12-29,10908961
2023-12-30,10903819
